Product_ID,Produit,Categorie,Quantite_Stock,Prix_Unitaire,Demande_Annuelle,Cout_Commande,Cout_Stockage_Unitaire,Lead_Time_Jours,Fournisseur,Valeur_Stock,Consommation_Annuelle_Valeur,Pourcentage,Pourcentage_Cumule,Classe_ABC,EOQ,Demande_Journaliere,Stock_Securite,Point_Commande,Statut,Strategie
P015,Carton,Consommable,900,3488.23,19302.0,164.9,92.53,30.0,Sigma Tech,3139407.0,67329815.46,0.0208684868201759,0.0208684868201759,A,262.29209394940347,52.88219178082192,1903.758904109589,3490.2246575342465,A commander,Controle strict + commandes frequentes
P005,Carton,Maintenance,1786,3394.75,19039.0,50.6,93.39933333333332,33.0,Atlas Supply,6063023.5,64632645.25,0.020032514515861553,0.040901001336037454,A,143.6284372044407,52.16164383561644,2065.6010958904108,3786.935342465753,A commander,Controle strict + commandes frequentes
P058,Pneu,Logistique,877,3323.4,19049.0,17.17,153.29,18.0,Atlas Supply,2914621.8000000003,63307446.6,0.019621776860148397,0.06052277819618585,A,65.32498583155316,52.18904109589041,1127.2832876712328,2066.68602739726,A commander,Controle strict + commandes frequentes
P128,Tuyau,Consommable,1248,3117.01,19911.0,279.99,123.15,37.0,Nova Equip,3890028.4800000004,62062786.11000001,0.0192360015412395,0.07975877973742534,A,300.895426171394,54.55068493150685,2422.050410958904,4440.425753424657,A commander,Controle strict + commandes frequentes
P097,Pompe,Production,1681,3057.71,19935.0,112.28,97.43,24.0,Atlas Supply,5140010.51,60955448.85,0.018892788763097725,0.09865156850052306,A,214.3522114972114,54.61643835616438,1572.953424657534,2883.747945205479,A commander,Controle strict + commandes frequentes
P163,Filtre,Qualite,1554,2860.03,19836.0,318.38,139.9,1.0,Atlas Supply,4444486.62,56731555.080000006,0.017583617322973477,0.11623518582349654,A,300.47343343963394,54.345205479452055,65.21424657534246,119.55945205479452,OK,Controle strict + commandes frequentes
P037,Galet,Production,422,3068.47,18401.0,180.09,104.63,31.0,Atlas Supply,1294894.3399999999,56462916.47,0.017500354339793224,0.13373554016328976,A,251.68213934261087,50.413698630136984,1875.3895890410959,3438.2142465753423,A commander,Controle strict + commandes frequentes
P018,Tuyau,Maintenance,1692,3306.76,17004.0,124.33,40.08,26.0,Maghreb Parts,5595037.92,56228147.04000001,0.0174275889130315,0.15116312907632126,A,324.79897974825747,46.586301369863016,1453.4926027397262,2664.7364383561644,A commander,Controle strict + commandes frequentes
P007,Palette,Production,1636,2934.39,18964.0,79.63,84.4,40.0,Sigma Tech,4800662.04,55647771.96,0.01724770501427146,0.1684108340905927,A,189.16775323125037,51.95616438356164,2493.895890410959,4572.142465753424,A commander,Controle strict + commandes frequentes
P014,Capteur,Logistique,501,3499.01,15544.0,333.79,109.59,13.0,Nova Equip,1753004.01,54388611.440000005,0.016857435494942147,0.18526826958553486,A,307.7142361015377,42.586301369863016,664.346301369863,1217.968219178082,A commander,Controle strict + commandes frequentes
P032,Joint,Logistique,758,2703.46,19116.0,240.22,146.94,6.0,Nova Equip,2049222.68,51679341.36,0.01601771290591521,0.20128598249145008,A,250.0046418515573,52.37260273972603,377.08273972602734,691.3183561643834,Surveillance,Controle strict + commandes frequentes
P199,Courroie,Maintenance,378,2907.42,17236.0,275.06,177.61,20.0,Sigma Tech,1099004.76,50112291.120000005,0.015532014748916379,0.21681799724036646,A,231.05387301622437,47.221917808219175,1133.3260273972603,2077.7643835616436,A commander,Controle strict + commandes frequentes
P192,Pompe,Production,1949,2385.74,19855.0,125.56,125.25,6.0,StockPlus,4649807.26,47368867.699999996,0.014681706529722694,0.23149970377008916,A,199.52013490256294,54.397260273972606,391.66027397260274,718.0438356164384,OK,Controle strict + commandes frequentes
P188,Compresseur,Maintenance,1622,3464.88,13107.0,103.12,70.95,26.0,Nova Equip,5620035.36,45414182.160000004,0.014075863053836265,0.24557556682392542,A,195.19194867809645,35.90958904109589,1120.3791780821916,2054.028493150685,A commander,Controle strict + commandes frequentes
P060,Emballage,Production,1301,3243.17,13966.0,55.92,86.77,23.0,Sigma Tech,4219364.17,45294112.22,0.014038648070499826,0.25961421489442527,A,134.16826364221907,38.26301369863014,1056.059178082192,1936.1084931506853,A commander,Controle strict + commandes frequentes
P030,Bobine,Production,16,2351.0,18594.0,111.18,125.44,11.0,IndusPro,37616.0,43714494.0,0.013549054540801776,0.27316326943522706,A,181.55019650785516,50.942465753424656,672.4405479452055,1232.8076712328766,A commander,Controle strict + commandes frequentes
P043,Vanne,Logistique,417,2464.72,17606.0,200.1,93.39933333333332,28.0,Atlas Supply,1027788.2399999999,43393860.31999999,0.013449675986450029,0.2866129454216771,A,274.66100368028583,48.23561643835617,1620.7167123287672,2971.3139726027403,A commander,Controle strict + commandes frequentes
P019,Vanne,Production,1936,2973.99,14080.0,359.57,33.97,22.0,StockPlus,5757644.64,41873779.199999996,0.01297853563649372,0.2995914810581708,A,545.9593107837785,38.57534246575342,1018.3890410958903,1867.0465753424655,Surveillance,Controle strict + commandes frequentes
P162,Courroie,Logistique,1261,3029.48,13415.0,220.4,156.42,41.0,Maghreb Parts,3820174.28,40640474.2,0.012596279886022412,0.3121877609441932,A,194.43300603834018,36.75342465753425,1808.268493150685,3315.158904109589,A commander,Controle strict + commandes frequentes
P193,Capot,Production,14,2661.16,14442.0,101.11,154.89,69.0,Atlas Supply,37256.24,38432472.72,0.011911922599885437,0.32409968354407864,A,137.31375180310113,39.56712328767123,3276.1578082191777,6006.289315068492,A commander,Controle strict + commandes frequentes
P131,Moteur,Qualite,460,2762.42,13244.0,200.88,179.48,41.0,IndusPro,1270713.2,36585490.480000004,0.01133946113880454,0.33543914468288316,A,172.18087213772964,36.28493150684932,1785.2186301369863,3272.9008219178086,A commander,Controle strict + commandes frequentes
P119,Roulement,Qualite,1210,1864.86,19434.0,63.36,174.41,8.0,Atlas Supply,2256480.6,36241689.239999995,0.011232901933247786,0.34667204661613094,A,118.82778185561605,53.24383561643835,511.1408219178082,937.091506849315,OK,Controle strict + commandes frequentes
P156,Interrupteur,Logistique,1257,1836.5,19117.0,40.01,117.47,16.0,StockPlus,2308480.5,35108370.5,0.010881636345674644,0.35755368296180556,A,114.11576847642714,52.37534246575343,1005.6065753424657,1843.6120547945206,A commander,Controle strict + commandes frequentes
P114,Palette,Qualite,1329,3133.38,11073.0,116.14,93.39933333333332,21.0,Nova Equip,4164262.02,34695916.74,0.010753798688676972,0.36830748165048255,A,165.94595488690226,30.336986301369862,764.4920547945205,1401.5687671232877,A commander,Controle strict + commandes frequentes
P194,Bobine,Consommable,802,2085.34,16458.0,26.42,140.48,5.0,Maghreb Parts,1672442.6800000002,34320525.72,0.01063744841354609,0.37894493006402863,A,78.67969798312181,45.09041095890411,270.5424657534246,495.99452054794517,OK,Controle strict + commandes frequentes
P051,Vanne,Logistique,1013,3164.7,10809.0,110.58,47.13,22.0,Nova Equip,3205841.0999999996,34207242.3,0.010602336872825784,0.38954726693685443,A,225.21500866351568,29.613698630136987,781.8016438356163,1433.30301369863,A commander,Controle strict + commandes frequentes
P095,Roulement,Production,1547,2198.21,15348.0,93.83,47.13,44.0,Atlas Supply,3400630.87,33738127.08,0.010456937324069708,0.40000420426092415,A,247.20829050099675,42.04931506849315,2220.2038356164385,4070.3736986301374,A commander,Controle strict + commandes frequentes
P167,Batterie,Production,1040,3252.92,10004.0,250.19,112.91,43.0,Atlas Supply,3383036.8000000003,32542211.68,0.01008627026383141,0.41009047452475555,A,210.5574484809222,27.40821917808219,1414.264109589041,2592.817534246575,A commander,Controle strict + commandes frequentes
P200,Moteur,Production,2198,3377.65,9504.626943005182,95.12,26.08,24.0,Maghreb Parts,7424074.7,32103303.194041453,0.009950233117555095,0.42004070764231066,A,263.3083689301761,26.04007381645255,749.9541259138335,1374.9158975086948,OK,Controle strict + commandes frequentes
P023,Lubrifiant,Consommable,1641,3339.25,9530.0,20.35,174.45,39.0,Sigma Tech,5479709.25,31823052.5,0.009863371036098422,0.4299040786784091,A,47.152873958002644,26.10958904109589,1221.9287671232876,2240.202739726027,A commander,Controle strict + commandes frequentes
P061,Bobine,Consommable,2114,1723.17,18269.0,234.84,106.84,12.0,Atlas Supply,3642781.3800000004,31480592.73,0.009757227611408195,0.43966130628981726,A,283.39454209979164,50.05205479452055,720.7495890410959,1321.3742465753426,OK,Controle strict + commandes frequentes
P021,Compresseur,Maintenance,1573,1577.73,18540.0,43.35,63.35,2.0,Sigma Tech,2481769.29,29251114.2,0.00906621363786165,0.4487275199276789,A,159.29095060781276,50.794520547945204,121.90684931506848,223.4958904109589,OK,Controle strict + commandes frequentes
P196,Capot,Maintenance,1033,1442.33,19866.0,395.21,86.75,14.0,Maghreb Parts,1489926.89,28653327.779999997,0.0088809331949877,0.4576084531226666,A,425.4508877266977,54.42739726027397,914.3802739726027,1676.3638356164383,A commander,Controle strict + commandes frequentes
P145,Convoyeur,Maintenance,938,2120.8,13510.0,388.71,169.88,5.0,Nova Equip,1989310.4000000001,28652008.000000004,0.00888052413681121,0.46648897725947785,A,248.64767514038726,37.013698630136986,222.08219178082192,407.1506849315068,OK,Controle strict + commandes frequentes
P050,Pompe,Qualite,982,1532.01,18608.0,257.06,67.4,6.0,Maghreb Parts,1504433.82,28507642.08,0.008835778755018318,0.4753247560144962,A,376.7490360993382,50.98082191780822,367.0619178082192,672.9468493150686,OK,Controle strict + commandes frequentes
P158,Convoyeur,Production,1255,1662.3205263157895,16261.0,142.55,155.65,29.0,Maghreb Parts,2086212.2605263158,27030994.078421053,0.008378100248869784,0.48370285626336595,A,172.58286370379227,44.55068493150685,1550.3638356164383,2842.333698630137,A commander,Controle strict + commandes frequentes
P101,Carton,Maintenance,1222,2822.0,9504.626943005182,242.77,97.66,34.0,Maghreb Parts,3448484.0,26822057.233160622,0.008313341482314768,0.49201619774568073,A,217.38105129302522,26.04007381645255,1062.435011711264,1947.7975214706507,A commander,Controle strict + commandes frequentes
P094,Convoyeur,Production,958,2798.24,9504.626943005182,295.7,113.91,28.0,Atlas Supply,2680713.92,26596227.296994817,0.00824334679995481,0.5002595445456355,A,222.14025798028976,26.04007381645255,874.9464802328057,1604.0685470934773,A commander,Controle strict + commandes frequentes
P142,Pneu,Logistique,1536,1998.37,13246.0,281.99,171.18,2.0,Maghreb Parts,3069496.32,26470409.02,0.008204350152819137,0.5084638946984547,A,208.90446187410683,36.29041095890411,87.09698630136987,159.67780821917808,OK,Controle strict + commandes frequentes
P054,Pneu,Logistique,41,2743.11,9504.626943005182,393.92,15.05,41.0,Maghreb Parts,112467.51000000001,26072237.213626944,0.00808093910473156,0.5165448338031862,A,705.3721381000156,26.04007381645255,1281.1716317694654,2348.81465824402,A commander,Controle strict + commandes frequentes
P013,Vanne,Production,2310,2845.43,9084.0,343.72,117.11,41.0,StockPlus,6572943.3,25847886.119999997,0.008011402781061886,0.5245562365842481,A,230.91862970064366,24.887671232876713,1224.4734246575342,2244.8679452054794,Surveillance,Controle strict + commandes frequentes
P036,Batterie,Qualite,1630,1963.94,12810.0,225.3,106.93,39.0,Maghreb Parts,3201222.2,25158071.400000002,0.007797598698957497,0.5323538352832056,A,232.33806879210292,35.0958904109589,1642.4876712328767,3011.227397260274,A commander,Controle strict + commandes frequentes
P012,Compresseur,Qualite,1787,3026.73,8027.0,291.68,169.72,33.0,Nova Equip,5408766.51,24295561.71,0.007530268809887294,0.5398841040930928,A,166.10336987507435,21.991780821917807,870.8745205479452,1596.603287671233,Surveillance,Controle strict + commandes frequentes
P160,Palette Europe,Maintenance,1560,1393.4,17370.0,35.49,174.29,12.0,Nova Equip,2173704.0,24203358.0,0.007501690803342044,0.5473857948964349,A,84.10690884487305,47.58904109589041,685.2821917808218,1256.3506849315067,OK,Controle strict + commandes frequentes
P006,Vanne,Production,2494,2947.65,8182.0,321.97,170.08,10.0,Maghreb Parts,7351439.100000001,24117672.3,0.007475133016291672,0.5548609279127266,A,176.00532829422696,22.416438356164385,268.9972602739726,493.1616438356164,OK,Controle strict + commandes frequentes
P068,Tuyau,Maintenance,2229,1662.3205263157895,14402.0,63.39,143.64,32.0,Sigma Tech,3705312.453157895,23940740.22,0.007420293941591699,0.5622812218543183,A,112.74546413288512,39.45753424657534,1515.169315068493,2777.810410958904,A commander,Controle strict + commandes frequentes
P166,Lubrifiant,Consommable,475,2340.75,9936.0,355.53,137.1,8.0,Maghreb Parts,1111856.25,23257692.0,0.00720858709702025,0.5694898089513385,A,227.00749079110477,27.221917808219178,261.3304109589041,479.10575342465756,A commander,Controle strict + commandes frequentes
P118,Courroie,Logistique,2497,1566.77,14775.0,367.75,175.24,26.0,Maghreb Parts,3912224.69,23149026.75,0.007174906931376794,0.5766647158827153,A,249.022426751762,40.47945205479452,1262.958904109589,2315.4246575342468,Surveillance,Controle strict + commandes frequentes
P098,Compresseur,Qualite,1196,3223.17,7167.0,242.08,140.48,32.0,IndusPro,3854911.3200000003,23100459.39,0.007159853759091585,0.5838245696418068,A,157.1650250612575,19.635616438356163,754.0076712328766,1382.3473972602737,A commander,Controle strict + commandes frequentes
P064,Carton,Production,733,3430.14,6391.0,264.05,122.2,23.65816326530612,Atlas Supply,2514292.62,21922024.74,0.006794604756195184,0.590619174398002,A,166.19076600029354,17.50958904109589,497.0936594911936,911.338375733855,A commander,Controle strict + commandes frequentes
P035,Palette Europe,Maintenance,780,1932.35,11266.0,169.67,96.89,9.0,Atlas Supply,1507233.0,21769855.099999998,0.006747440656530341,0.5973666150545324,A,198.63826958226346,30.865753424657534,333.3501369863014,611.1419178082192,OK,Controle strict + commandes frequentes
P063,Boitier,Production,1908,1607.79,13449.0,226.13,62.93,25.0,Sigma Tech,3067663.32,21623167.71,0.00670197574853992,0.6040685908030723,A,310.8924820392525,36.846575342465755,1105.3972602739725,2026.5616438356165,A commander,Controle strict + commandes frequentes
P135,Moteur,Logistique,0,2054.56,10334.0,25.38,143.17,20.0,IndusPro,0.0,21231823.04,0.00658068073187835,0.6106492715349506,A,60.529769880930274,28.312328767123287,679.4958904109589,1245.7424657534245,A commander,Controle strict + commandes frequentes
P136,Roulement,Logistique,2439,2609.42,7993.0,285.17,125.02,2.0,Sigma Tech,6364375.38,20857094.060000002,0.006464535652215779,0.6171138071871665,A,190.95545742953897,21.898630136986302,52.55671232876713,96.35397260273973,OK,Controle strict + commandes frequentes
P017,Moteur,Logistique,856,2691.8,7597.0,89.94,32.19,13.0,Maghreb Parts,2304180.8000000003,20449604.6,0.006338236651286205,0.6234520438384527,A,206.04022444982124,20.813698630136987,324.69369863013696,595.2717808219178,OK,Controle strict + commandes frequentes
P053,Capot,Maintenance,1692,1799.69,11280.0,335.62,89.51,3.0,Maghreb Parts,3045075.48,20300503.2,0.0062920235348605654,0.6297440673733132,A,290.8423771524202,30.904109589041095,111.25479452054793,203.9671232876712,OK,Controle strict + commandes frequentes
P152,Galet,Production,819,998.91,19976.0,24.43,160.99,61.0,StockPlus,818107.2899999999,19954226.16,0.006184696969415535,0.6359287643427287,A,77.8630740579761,54.728767123287675,4006.1457534246574,7344.600547945205,A commander,Controle strict + commandes frequentes
P106,Carton,Qualite,1524,1696.6,11661.0,293.99,18.9,36.0,Maghreb Parts,2585618.4,19784052.599999998,0.006131952658893665,0.6420607170016224,A,602.3075020154797,31.947945205479453,1380.1512328767124,2530.2772602739724,A commander,Controle strict + commandes frequentes
P182,Pompe,Qualite,1229,1684.77,11505.0,350.73,48.78,20.0,Atlas Supply,2070582.33,19383278.85,0.006007735153430337,0.6480684521550527,A,406.74654156795333,31.52054794520548,756.4931506849314,1386.904109589041,A commander,Controle strict + commandes frequentes
P197,Batterie,Production,1020,1222.02,15728.0,176.83,19.33,12.0,Maghreb Parts,1246460.4,19219930.56,0.005957106295862942,0.6540255584509157,A,536.4309098619825,43.09041095890411,620.5019178082192,1137.5868493150685,A commander,Controle strict + commandes frequentes
P092,Pompe,Production,239,2416.85,7803.0,268.83,111.24,37.0,StockPlus,577627.15,18858680.55,0.0058451389449802995,0.659870697395896,A,194.20221419952966,21.378082191780823,949.1868493150685,1740.1758904109588,A commander,Controle strict + commandes frequentes
P040,Visserie,Qualite,830,1662.3205263157895,11322.0,307.81,48.18,12.0,Atlas Supply,1379726.0368421052,18820792.998947367,0.005833395917699015,0.665704093313595,A,380.35097837351316,31.019178082191782,446.6761643835616,818.9063013698631,Surveillance,Controle strict + commandes frequentes
P198,Palette,Maintenance,1829,1662.3205263157895,11291.0,159.89,43.95,42.0,Atlas Supply,3040384.242631579,18769261.06263158,0.005817423892133863,0.671521517205729,A,286.62390796806375,30.934246575342467,1559.08602739726,2858.3243835616436,A commander,Controle strict + commandes frequentes
P169,Capot,Production,972,2001.29,9201.0,19.52,6.34,23.65816326530612,IndusPro,1945253.88,18413869.29,0.005707272268035513,0.6772287894737644,A,238.02785935611192,25.208219178082192,715.6561979312272,1312.0363628739165,A commander,Controle strict + commandes frequentes
P026,Roulement,Production,1196,2351.44,7824.0,174.36,179.09,34.0,Nova Equip,2812322.24,18397666.56,0.005702250325599673,0.6829310397993641,A,123.42899154118071,21.435616438356163,874.5731506849315,1603.3841095890411,A commander,Controle strict + commandes frequentes
P042,Palette,Production,1521,2171.65,8409.0,348.7,160.03,8.0,StockPlus,3303079.65,18261404.85,0.005660016796815996,0.6885910565961801,A,191.43107807169218,23.03835616438356,221.16821917808218,405.4750684931507,OK,Controle strict + commandes frequentes
P144,Filtre,Maintenance,933,3452.82,4991.0,370.51,78.1,37.0,Sigma Tech,3221481.06,17233024.62,0.0053412762933813165,0.6939323328895615,A,217.6121966200371,13.673972602739726,607.1243835616439,1113.0613698630136,A commander,Controle strict + commandes frequentes
P088,Pneu,Consommable,652,1613.53,10561.0,290.43,149.87,21.0,StockPlus,1052021.56,17040490.33,0.0052816014039456845,0.6992139342935072,A,202.31631349270356,28.934246575342467,729.14301369863,1336.762191780822,A commander,Controle strict + commandes frequentes
P161,Tuyau,Logistique,2099,3393.19,4964.0,132.96,33.8,30.0,Maghreb Parts,7122305.8100000005,16843795.16,0.0052206368738234275,0.7044345711673307,A,197.6209748587989,13.6,489.59999999999997,897.5999999999999,OK,Controle strict + commandes frequentes
P031,Filtre,Production,1635,1821.8,9204.0,158.08,28.12,3.0,Maghreb Parts,2978643.0,16767847.2,0.005197097242956314,0.709631668410287,A,321.68744273100066,25.216438356164385,90.77917808219178,166.42849315068491,OK,Controle strict + commandes frequentes
P091,Convoyeur,Maintenance,737,1762.71,9504.626943005182,195.66,52.02,20.0,IndusPro,1299117.27,16753900.958704663,0.005192774686141412,0.7148244430964285,A,267.39198559193994,26.04007381645255,624.9617715948613,1145.7632479239123,A commander,Controle strict + commandes frequentes
P120,Joint,Production,0,849.78,19276.0,380.59,135.06,36.0,StockPlus,0.0,16380359.28,0.005076997603647168,0.7199014407000757,A,329.60118958062054,52.81095890410959,2281.4334246575345,4182.62794520548,A commander,Controle strict + commandes frequentes
P179,Palette,Logistique,45,1011.27,15554.0,166.75,88.74,15.0,StockPlus,45507.15,15729293.58,0.0048752035561409725,0.7247766442562167,A,241.77380992034412,42.61369863013699,767.0465753424656,1406.2520547945205,A commander,Controle strict + commandes frequentes
P176,Convoyeur,Production,94,849.57,18469.0,399.19,123.56,37.0,Maghreb Parts,79859.58,15690708.33,0.004863244281106919,0.7296398885373236,A,345.45188383712286,50.6,2246.64,4118.84,A commander,Controle strict + commandes frequentes
P102,Compresseur,Production,1545,2619.29,5979.0,140.36,173.36,36.0,IndusPro,4046803.05,15660734.91,0.004853954192964658,0.7344938427302883,A,98.39578733089647,16.38082191780822,707.6515068493151,1297.361095890411,Surveillance,Controle strict + commandes frequentes
P107,Moteur,Consommable,1393,2164.46,7216.0,203.24,168.73,6.0,Maghreb Parts,3015092.7800000003,15618743.36,0.004840939154949971,0.7393347818852383,A,131.84743944638262,19.76986301369863,142.34301369863013,260.9621917808219,OK,Controle strict + commandes frequentes
P164,Convoyeur,Maintenance,1171,903.77,17092.0,134.31,138.88,5.0,Sigma Tech,1058314.67,15447236.84,0.004787781701186853,0.7441225635864251,A,181.82171947490505,46.827397260273976,280.96438356164384,515.1013698630137,OK,Controle strict + commandes frequentes
P141,Pompe,Production,1219,2261.24,6803.0,23.24,49.55,28.0,IndusPro,2756451.5599999996,15383215.719999999,0.004767938725384748,0.7488905023118099,A,79.88430584844555,18.638356164383563,626.2487671232876,1148.1227397260272,Surveillance,Controle strict + commandes frequentes
P020,Courroie,Logistique,2432,866.85,17469.0,15.07,140.44,39.0,Maghreb Parts,2108179.2,15143002.65,0.004693486073894755,0.7535839883857046,A,61.22943275026176,47.86027397260274,2239.860821917808,4106.411506849315,A commander,Controle strict + commandes frequentes
P157,Capteur,Production,1704,1437.27,10415.0,281.55,66.65,10.0,IndusPro,2449108.08,14969167.049999999,0.004639606735258626,0.7582235951209633,A,296.6349533920328,28.534246575342465,342.4109589041096,627.7534246575342,OK,Controle strict + commandes frequentes
P108,Moteur,Production,1861,1292.14,11579.0,278.48,123.98,39.0,Nova Equip,2404672.54,14961689.06,0.00463728897551593,0.7628608840964792,A,228.07186500962626,31.723287671232878,1484.6498630136987,2721.8580821917813,A commander,Controle strict + commandes frequentes
P100,Batterie,Qualite,1421,970.16,15363.0,203.58,137.1,36.0,Nova Equip,1378597.3599999999,14904568.08,0.004619584658191702,0.7674804687546709,A,213.60029134787007,42.09041095890411,1818.3057534246575,3333.560547945205,A commander,Controle strict + commandes frequentes
P024,Courroie,Maintenance,1296,2122.2,6963.0,80.76,159.14,26.0,Nova Equip,2750371.1999999997,14776878.6,0.004580008042508889,0.7720604767971798,A,84.06624975051372,19.076712328767123,595.1934246575341,1091.1879452054793,Surveillance,Controle strict + commandes frequentes
P185,Palette Europe,Logistique,929,1179.11,12362.0,172.93,82.21,9.0,Maghreb Parts,1095393.19,14576157.819999998,0.004517795797854009,0.7765782725950339,A,228.051122423532,33.868493150684934,365.77972602739726,670.5961643835617,OK,Controle strict + commandes frequentes
P174,Roulement,Maintenance,1150,1489.89,9712.0,376.24,21.56,37.0,Maghreb Parts,1713373.5,14469811.680000002,0.004484834426939737,0.7810631070219736,A,582.207022198795,26.60821917808219,1181.4049315068492,2165.90904109589,A commander,Controle strict + commandes frequentes
P104,Palette Europe,Maintenance,1450,733.91,19581.0,51.57,114.06,15.0,Nova Equip,1064169.5,14370691.709999999,0.00445411276561586,0.7855172197875895,A,133.0651456341619,53.64657534246575,965.6383561643835,1770.3369863013697,A commander,Controle strict + commandes frequentes
P027,Batterie,Logistique,1071,2164.02,6585.0,358.14,31.71,42.0,Maghreb Parts,2317665.42,14250071.7,0.004416727291264903,0.7899339470788543,A,385.6747272892418,18.041095890410958,909.2712328767121,1666.9972602739722,A commander,Controle strict + commandes frequentes
P132,Visserie,Maintenance,833,1745.3,7990.0,96.27,77.0,14.0,IndusPro,1453834.9,13944947.0,0.0043221556555496235,0.794256102734404,A,141.34762343014702,21.89041095890411,367.758904109589,674.2246575342465,OK,Controle strict + commandes frequentes
P154,Convoyeur,Consommable,84,3138.83,4400.0,99.7,38.75,3.0,IndusPro,263661.72,13810852.0,0.004280593685996715,0.7985366964204007,A,150.47108820998395,12.054794520547945,43.397260273972606,79.56164383561645,Surveillance,Controle strict + commandes frequentes
P180,Lubrifiant,Production,744,2034.96,6665.0,197.15,12.03,23.65816326530612,Nova Equip,1514010.24,13563008.4,0.00420377599587342,0.8027404724162741,B,467.39132964689657,18.26027397260274,518.4054514956666,950.4099944087222,A commander,Controle normal
P079,Pneu,Logistique,889,2336.95,5799.0,28.32,93.39933333333332,28.0,IndusPro,2077548.5499999998,13551973.049999999,0.004200355652976923,0.806940828069251,B,59.301583266023236,15.887671232876713,533.8257534246575,978.6805479452055,A commander,Controle normal
P129,Moteur,Consommable,1086,2078.18,6476.0,341.19,80.54,5.0,Maghreb Parts,2256903.48,13458293.68,0.004171320274150899,0.811112148343402,B,234.2398343048586,17.742465753424657,106.45479452054794,195.16712328767122,OK,Controle normal
P126,Batterie,Maintenance,657,1147.25,11714.0,324.56,88.21,14.0,IndusPro,753743.25,13438886.5,0.004165305130974287,0.8152774534743762,B,293.6000964999454,32.09315068493151,539.1649315068493,988.4690410958904,A commander,Controle normal
P090,Compresseur,Logistique,1243,1275.9,10477.0,230.9,1.65,24.0,Maghreb Parts,1585943.7000000002,13367604.3,0.004143211625429231,0.8194206650998054,B,1712.3930800508572,28.704109589041096,826.6783561643836,1515.5769863013697,A commander,Controle normal
P175,Capot,Production,1376,1777.37,7331.0,321.53,22.97,12.0,Sigma Tech,2445661.1199999996,13029899.469999999,0.00403854196688618,0.8234592070666915,B,453.0298935589005,20.084931506849315,289.22301369863015,530.2421917808219,OK,Controle normal
P137,Visserie,Consommable,2001,1511.66,8597.0,370.85,40.13,39.0,StockPlus,3024831.66,12995741.020000001,0.0040279547529044925,0.827487161819596,B,398.61443617440455,23.553424657534247,1102.3002739726028,2020.8838356164383,A commander,Controle normal
P195,Bobine,Logistique,881,1651.31,7663.0,16.97,7.61,33.0,Atlas Supply,1454804.1099999999,12653988.53,0.003922030545558873,0.8314091923651549,B,184.86853659097258,20.994520547945207,831.3830136986302,1524.202191780822,A commander,Controle normal
P076,Capteur,Logistique,855,1210.82,10167.0,173.32,111.54,32.0,Maghreb Parts,1035251.1,12310406.94,0.003815539419249018,0.8352247317844039,B,177.75442864120143,27.854794520547944,1069.624109589041,1960.977534246575,A commander,Controle normal
P112,Palette,Production,515,884.65,13738.0,321.77,12.59,18.0,Maghreb Parts,455594.75,12153321.7,0.003766851757799364,0.8389915835422033,B,837.9858089755934,37.63835616438356,812.9884931506848,1490.4789041095887,A commander,Controle normal
P178,Moteur,Maintenance,873,2137.75,5510.0,309.2,36.49,28.0,StockPlus,1866255.75,11779002.5,0.0036508336870773447,0.8426424172292806,B,305.57907237094616,15.095890410958905,507.2219178082192,929.9068493150685,A commander,Controle normal
P056,Batterie,Consommable,2331,2177.87,5393.0,76.95,123.14,14.0,Atlas Supply,5076614.97,11745252.91,0.0036403731968875303,0.846282790426168,B,82.09844765893656,14.775342465753425,248.22575342465754,455.08054794520547,OK,Controle normal
P047,Capteur,Production,2244,1228.03,9466.0,18.76,99.38,20.0,Sigma Tech,2755699.32,11624531.98,0.003602956442966364,0.8498857468691344,B,59.78127436531775,25.934246575342467,622.4219178082192,1141.1068493150685,OK,Controle normal
P044,Pompe,Consommable,733,746.56,15394.0,358.88,155.25,20.0,Atlas Supply,547228.48,11492544.639999999,0.0035620477304383093,0.8534477945995728,B,266.7777237342679,42.175342465753424,1012.2082191780821,1855.7150684931507,A commander,Controle normal
P105,Bobine,Qualite,2391,1297.6,8815.0,39.3,167.8,34.0,Nova Equip,3102561.5999999996,11438344.0,0.0035452485556038403,0.8569930431551765,B,64.2578888642262,24.15068493150685,985.3479452054794,1806.4712328767123,OK,Controle normal
P143,Pneu,Production,828,1247.3,9166.0,125.97,27.61,35.0,Sigma Tech,1032764.3999999999,11432751.799999999,0.0035435152855629454,0.8605365584407395,B,289.2046594084234,25.112328767123287,1054.717808219178,1933.6493150684933,A commander,Controle normal
P084,Vanne,Qualite,2161,976.15,11417.0,105.69,60.65,33.0,Nova Equip,2109460.15,11144704.549999999,0.003454236706687528,0.863990795147427,B,199.4768698354285,31.279452054794522,1238.6663013698628,2270.888219178082,A commander,Controle normal
P065,Capteur,Logistique,1370,1724.92,6379.0,333.6,102.05,36.0,IndusPro,2363140.4,11003264.68,0.0034103982371658653,0.8674011933845929,B,204.21978534200537,17.476712328767125,754.9939726027397,1384.1556164383562,A commander,Controle normal
P062,Capteur,Logistique,600,904.97,11124.0,116.88,148.53,13.0,Sigma Tech,542982.0,10066886.280000001,0.0031201731687382477,0.8705213665533311,B,132.3148226025618,30.476712328767125,475.43671232876716,871.6339726027397,A commander,Controle normal
P130,Roulement,Consommable,1688,2377.34,4232.0,107.37,49.62,38.0,StockPlus,4012949.9200000004,10060902.88,0.003118318648520321,0.8736396852018514,B,135.33213208029284,11.594520547945205,528.7101369863013,969.3019178082191,OK,Controle normal
P110,Visserie,Consommable,504,2616.53,3817.0,106.1,54.52,12.0,IndusPro,1318731.12,9987295.010000002,0.003095504315012029,0.8767351895168635,B,121.88656730666389,10.457534246575342,150.5884931506849,276.078904109589,OK,Controle normal
P011,Interrupteur,Maintenance,340,1662.3205263157895,5971.0,104.84,42.09,33.0,StockPlus,565188.9789473685,9925715.86263158,0.0030764182145010446,0.8798116077313645,B,172.46960816352768,16.35890410958904,647.812602739726,1187.6564383561645,A commander,Controle normal
P183,Visserie,Production,933,1662.3205263157895,5817.0,393.79,143.66,14.0,StockPlus,1550945.0510526316,9669718.501578948,0.00299707331330641,0.8828086810446709,B,178.57840528126482,15.936986301369863,267.7413698630137,490.85917808219176,OK,Controle normal
P025,Vanne,Production,1445,801.41,11974.0,237.39,167.03,15.0,Sigma Tech,1158037.45,9596083.34,0.002974250520931096,0.8857829315656021,B,184.48820034510302,32.8054794520548,590.4986301369863,1082.5808219178084,OK,Controle normal
P081,Emballage,Maintenance,1497,674.22,14173.0,297.83,5.75,35.0,IndusPro,1009307.3400000001,9555720.06,0.0029617401557838832,0.8887446717213859,B,1211.7030185723693,38.83013698630137,1630.8657534246574,2989.9205479452053,A commander,Controle normal
P010,Interrupteur,Production,520,958.01,9504.626943005182,48.78,178.41,2.0,Maghreb Parts,498165.2,9105527.657668393,0.0028222056249016195,0.8915668773462876,B,72.09312263805433,26.04007381645255,62.49617715948612,114.57632479239123,OK,Controle normal
P066,Courroie,Production,401,1151.64,7883.0,90.5,48.43,8.0,StockPlus,461807.64,9078378.120000001,0.0028137907827527754,0.8943806681290404,B,171.64367962892155,21.5972602739726,207.33369863013698,380.1117808219178,Surveillance,Controle normal
P191,Compresseur,Production,1843,892.36,10113.0,122.02,52.85,35.0,Nova Equip,1644619.48,9024436.68,0.0027970719454589155,0.8971777400744992,B,216.09664084279126,27.706849315068492,1163.6876712328765,2133.4273972602737,A commander,Controle normal
P008,Palette Europe,Qualite,1020,1641.22,5435.0,264.57,110.61,32.0,Atlas Supply,1674044.4000000001,8920030.7,0.002764711915913432,0.8999424519904127,B,161.2456007099259,14.89041095890411,571.7917808219178,1048.2849315068493,A commander,Controle normal
P139,Emballage,Maintenance,194,994.29,8686.0,231.5,122.65,17.0,StockPlus,192892.25999999998,8636402.94,0.002676803132398165,0.9026192551228108,B,181.07839304354334,23.797260273972604,485.4641095890411,890.0175342465753,A commander,Controle normal
P151,Visserie,Maintenance,1857,654.2,13017.0,333.28,73.98,31.0,Sigma Tech,1214849.4000000001,8515721.4,0.0026393985871796402,0.9052586537099905,B,342.4663562900625,35.66301369863014,1326.6641095890411,2432.2175342465753,A commander,Controle normal
P072,Boitier,Logistique,80,532.93,15790.0,244.2,127.65,18.0,Nova Equip,42634.399999999994,8414964.7,0.002608169630860228,0.9078668233408507,B,245.79241860455798,43.26027397260274,934.4219178082192,1713.1068493150685,A commander,Controle normal
P153,Palette,Maintenance,1177,608.05,13492.0,242.55,41.78,10.0,Nova Equip,715674.85,8203810.6,0.002542723639024799,0.9104095469798754,B,395.79434583302725,36.964383561643835,443.57260273972605,813.2164383561644,OK,Controle normal
P085,Joint,Maintenance,1070,620.77,13019.0,161.83,133.96,7.0,Atlas Supply,664223.9,8081804.63,0.0025049085943891817,0.9129144555742646,B,177.355948385134,35.66849315068493,299.61534246575343,549.294794520548,OK,Controle normal
P073,Batterie,Production,269,487.19,16498.0,269.36,150.74,19.0,IndusPro,131054.11,8037660.62,0.002491226413848794,0.9154056819881135,B,242.81915513191782,45.2,1030.56,1889.3600000000001,A commander,Controle normal
P146,Palette Europe,Production,0,831.44,9504.626943005182,378.26,75.84,1.0,IndusPro,0.0,7902527.025492229,0.0024493425379361416,0.9178550245260496,B,307.91339521370986,26.04007381645255,31.24808857974306,57.28816239619562,A commander,Controle normal
P028,Tuyau,Logistique,289,1254.53,6004.0,328.8,71.63,44.0,Atlas Supply,362559.17,7532198.12,0.0023345612359142163,0.9201895857619639,B,234.77603753025667,16.44931506849315,868.5238356164383,1592.293698630137,A commander,Controle normal
P080,Carton,Production,400,604.36,12318.0,74.85,157.0,10.0,Sigma Tech,241744.0,7444506.48,0.0023073817193645717,0.9224969674813285,B,108.37551489750516,33.74794520547945,404.97534246575344,742.4547945205479,A commander,Controle normal
P003,Pneu,Production,2075,2080.07,3550.0,272.04,16.55,28.0,Nova Equip,4316145.25,7384248.500000001,0.0022887051070368952,0.9247856725883654,B,341.62257225352045,9.726027397260275,326.7945205479452,599.1232876712329,OK,Controle normal
P124,Visserie,Logistique,43,1128.29,6534.0,350.45,4.47,44.0,StockPlus,48516.47,7372246.859999999,0.0022849852681445797,0.92707065785651,B,1012.1941745435338,17.9013698630137,945.1923287671232,1732.8526027397259,A commander,Controle normal
P067,Lubrifiant,Production,703,2217.45,3248.0,14.29,158.21,29.0,Maghreb Parts,1558867.3499999999,7202277.6,0.0022323042792258994,0.9293029621357359,B,24.222678069556775,8.898630136986302,309.6723287671233,567.7326027397261,OK,Controle normal
P087,Boitier,Logistique,2450,423.54,16749.0,148.71,147.33,30.0,Atlas Supply,1037673.0,7093871.46,0.0021987044232280742,0.931501666558964,B,183.87976138309568,45.88767123287671,1651.9561643835616,3028.5863013698627,A commander,Controle normal
P004,Interrupteur,Logistique,1790,1334.05,5276.0,17.69,75.46,20.0,Maghreb Parts,2387949.5,7038447.8,0.0021815261804193882,0.9336831927393834,B,49.73623510507984,14.454794520547946,346.9150684931507,636.0109589041097,OK,Controle normal
P057,Carton,Consommable,2269,3018.48,2263.0,116.2,14.17,11.0,Atlas Supply,6848931.12,6830820.24,0.0021171732192570426,0.9358003659586405,B,192.65283917759905,6.2,81.84,150.04000000000002,OK,Controle normal
P001,Palette,Maintenance,1762,3455.49,1928.0,96.57,171.02,16.0,IndusPro,6088573.38,6662184.72,0.002064905615336099,0.9378652715739766,B,46.66230384292906,5.282191780821917,101.41808219178081,185.9331506849315,OK,Controle normal
P148,Bobine,Production,2110,536.28,12332.0,346.2,71.87,12.0,Nova Equip,1131550.8,6613404.96,0.0020497866108995563,0.9399150581848762,B,344.6842706262385,33.78630136986301,486.52273972602734,891.9583561643835,OK,Controle normal
P083,Carton,Production,1067,592.52,10809.0,245.23,23.63,15.0,Nova Equip,632218.84,6404548.68,0.0019850528150809664,0.9419001109999572,B,473.6556198467847,29.613698630136987,533.0465753424658,977.2520547945205,Surveillance,Controle normal
P116,Carton,Logistique,1832,1863.1,3437.0,150.78,8.71,33.0,Sigma Tech,3413199.1999999997,6403474.699999999,0.0019847199411926002,0.9438848309411498,B,344.95906011770506,9.416438356164383,372.8909589041096,683.6334246575343,OK,Controle normal
P115,Pompe,Logistique,1160,1791.6,3496.0,240.19,111.95,15.0,StockPlus,2078256.0,6263433.6,0.0019413150123409962,0.9458261459534908,B,122.4802662961612,9.578082191780823,172.4054794520548,316.07671232876714,OK,Controle normal
P074,Courroie,Maintenance,1824,2243.6,2694.0,78.39,125.7,22.0,Nova Equip,4092326.4,6044258.399999999,0.0018733829269600895,0.9476995288804508,B,57.96642102620371,7.380821917808219,194.85369863013696,357.23178082191777,OK,Controle normal
P189,Pneu,Consommable,260,1129.25,4893.0,53.08,86.65,29.0,Nova Equip,293605.0,5525420.25,0.0017125720436819097,0.9494121009241328,B,77.42545732887287,13.405479452054795,466.5106849315069,855.269589041096,A commander,Controle normal
P109,Roulement,Maintenance,1370,1619.68,3388.0,179.58,12.68,42.0,Atlas Supply,2218961.6,5487475.84,0.0017008113932988,0.9511129123174316,C,309.7819116855776,9.282191780821918,467.82246575342464,857.6745205479451,OK,Commande en lot + faible priorite
P038,Capot,Maintenance,119,1413.08,3707.0,124.84,16.92,32.0,StockPlus,168156.52,5238287.56,0.0016235769273880523,0.9527364892448196,C,233.88533490109353,10.156164383561643,389.9967123287671,714.9939726027396,A commander,Commande en lot + faible priorite
P133,Pneu,Maintenance,899,305.59,16940.0,395.19,81.52,39.0,Sigma Tech,274725.41,5176694.6,0.0016044865457318122,0.9543409757905514,C,405.26825703108887,46.41095890410959,2172.0328767123287,3982.0602739726028,A commander,Commande en lot + faible priorite
P069,Filtre,Logistique,1640,266.91,18775.0,361.01,118.69,44.0,Nova Equip,437732.4,5011235.250000001,0.0015532033773292316,0.9558941791678807,C,337.9539460643418,51.43835616438356,2715.945205479452,4979.232876712329,A commander,Commande en lot + faible priorite
P009,Galet,Production,1353,1452.75,3411.0,102.89,30.48,33.0,IndusPro,1965570.75,4955330.25,0.0015358759459719446,0.9574300551138526,C,151.75218739099859,9.345205479452055,370.07013698630135,678.4619178082191,OK,Commande en lot + faible priorite
P022,Batterie,Production,961,453.36,10555.0,91.08,10.88,38.0,Atlas Supply,435678.96,4785214.8,0.0014831496463084271,0.9589132047601611,C,420.3791618359339,28.91780821917808,1318.6520547945204,2417.5287671232873,A commander,Commande en lot + faible priorite
P147,Palette,Logistique,138,357.59,12971.0,194.94,115.12,40.0,Maghreb Parts,49347.42,4638299.89,0.001437614219810136,0.9603508189799712,C,209.59302120508096,35.536986301369865,1705.7753424657535,3127.254794520548,A commander,Commande en lot + faible priorite
P140,Palette,Maintenance,509,1271.74,3620.0,367.04,93.39933333333332,25.0,IndusPro,647315.66,4603698.8,0.0014268898121209794,0.9617777087920922,C,168.67631051228025,9.917808219178083,297.5342465753425,545.4794520547946,A commander,Commande en lot + faible priorite
P173,Roulement,Logistique,1036,1662.3205263157895,2737.0,216.29,86.93,37.0,Atlas Supply,1722164.065263158,4549771.280526316,0.001410175289413726,0.9631878840815059,C,116.70400951501301,7.498630136986302,332.93917808219175,610.3884931506849,OK,Commande en lot + faible priorite
P002,Capot,Production,361,527.73,8587.0,100.12,141.65,22.0,IndusPro,190510.53,4531617.51,0.0014045486332529054,0.9645924327147588,C,110.17621799484873,23.526027397260275,621.0871232876713,1138.6597260273975,A commander,Commande en lot + faible priorite
P113,Pompe,Logistique,221,2497.15,1812.0,280.93,105.0,40.0,Maghreb Parts,551870.15,4524835.8,0.001402446681468449,0.9659948793962273,C,98.46876807249234,4.964383561643835,238.2904109589041,436.8657534246575,A commander,Commande en lot + faible priorite
P075,Filtre,Logistique,722,637.81,6918.0,366.62,122.59,37.0,Maghreb Parts,460498.81999999995,4412369.58,0.0013675884271609005,0.9673624678233882,C,203.41633754196556,18.953424657534246,841.5320547945205,1542.8087671232875,A commander,Commande en lot + faible priorite
P190,Tuyau,Production,713,2834.85,1501.0,148.3,108.2,1.0,Sigma Tech,2021248.05,4255109.85,0.0013188466835451157,0.9686813145069333,C,64.14492313901519,4.112328767123287,4.934794520547944,9.047123287671232,OK,Commande en lot + faible priorite
P033,Pneu,Production,2087,1821.29,2212.0,114.54,40.79,9.0,Maghreb Parts,3801032.23,4028693.48,0.0012486702394105833,0.9699299847463438,C,111.45749956537263,6.06027397260274,65.4509589041096,119.99342465753426,OK,Commande en lot + faible priorite
P127,Carton,Production,758,420.49,9544.0,266.93,138.79,2.0,Nova Equip,318731.42,4013156.56,0.0012438546609327432,0.9711738394072766,C,191.60190313765574,26.147945205479452,62.75506849315068,115.05095890410959,OK,Commande en lot + faible priorite
P186,Filtre,Maintenance,1586,471.75,8058.0,174.33,2.59,37.0,IndusPro,748195.5,3801361.5,0.0011782100072530645,0.9723520494145297,C,1041.513281268134,22.076712328767123,980.2060273972602,1797.0443835616438,A commander,Commande en lot + faible priorite
P034,Pneu,Logistique,94,2982.86,1268.0,253.42,40.68,6.0,Maghreb Parts,280388.84,3782266.48,0.0011722916162627056,0.9735243410307924,C,125.69111989497233,3.473972602739726,25.012602739726024,45.856438356164375,OK,Commande en lot + faible priorite
P138,Galet,Consommable,2400,447.84,8090.0,80.42,15.29,6.0,Atlas Supply,1074816.0,3623025.5999999996,0.0011229358266647458,0.9746472768574572,C,291.7209037366246,22.164383561643834,159.58356164383562,292.56986301369864,OK,Commande en lot + faible priorite
P184,Roulement,Logistique,2041,182.8,19739.0,309.63,56.21,2.0,Sigma Tech,373094.80000000005,3608289.2,0.0011183683647301513,0.9757656452221873,C,466.32886143732185,54.07945205479452,129.79068493150686,237.94958904109592,OK,Commande en lot + faible priorite
P187,Batterie,Production,394,223.22,16022.0,297.66,13.5,20.0,Sigma Tech,87948.68,3576430.84,0.0011084940503386703,0.976874139272526,C,840.5561227875005,43.895890410958906,1053.5013698630137,1931.4191780821918,A commander,Commande en lot + faible priorite
P078,Joint,Logistique,148,1659.65,2136.0,212.38,28.97,3.0,Atlas Supply,245628.2,3545012.4000000004,0.001098756086606392,0.9779728953591323,C,176.96940170687745,5.852054794520548,21.06739726027397,38.623561643835615,OK,Commande en lot + faible priorite
P168,Batterie,Maintenance,1358,1949.33,1779.0,100.85,24.06,12.0,Nova Equip,2647190.14,3467858.07,0.001074842548336247,0.9790477379074686,C,122.12177602520822,4.873972602739726,70.18520547945205,128.67287671232876,OK,Commande en lot + faible priorite
P041,Palette Europe,Consommable,1654,1662.3205263157895,1990.0,64.64,23.75,8.0,Nova Equip,2749478.150526316,3308017.847368421,0.0010253009959566366,0.9800730389034252,C,104.07835105291944,5.4520547945205475,52.339726027397255,95.95616438356163,OK,Commande en lot + faible priorite
P055,Palette,Production,1553,1388.8,2356.0,215.02,40.02,42.0,Nova Equip,2156806.4,3272012.8,0.0010141414398025866,0.9810871803432278,C,159.11221716503863,6.454794520547945,325.32164383561644,596.4230136986301,OK,Commande en lot + faible priorite
P134,Emballage,Consommable,1389,1880.57,1645.0,378.18,29.87,25.0,Sigma Tech,2612111.73,3093537.65,0.000958824099482285,0.9820460044427102,C,204.0937081688076,4.506849315068493,135.2054794520548,247.8767123287671,OK,Commande en lot + faible priorite
P150,Capteur,Consommable,2225,563.64,5319.0,134.45,177.12,23.0,StockPlus,1254099.0,2998001.16,0.000929213117055112,0.9829752175597652,C,89.8621064227392,14.572602739726028,402.20383561643837,737.373698630137,OK,Commande en lot + faible priorite
P121,Galet,Maintenance,95,943.45,3092.0,183.94,23.85,30.0,Sigma Tech,89627.75,2917147.4000000004,0.0009041529618564977,0.9838793705216218,C,218.38793402444034,8.471232876712328,304.96438356164384,559.1013698630137,A commander,Commande en lot + faible priorite
P181,Carton,Production,1951,541.54,5252.0,254.73,104.96,23.65816326530612,Nova Equip,1056544.54,2844168.0799999996,0.0008815334437847425,0.9847609039654065,C,159.66344414530667,14.389041095890411,408.5019401733295,748.9202236511042,OK,Commande en lot + faible priorite
P045,Palette,Logistique,680,478.6,5808.0,321.94,145.81,7.0,IndusPro,325448.0,2779708.8000000003,0.0008615546628252556,0.9856224586282317,C,160.14822021522556,15.912328767123288,133.6635616438356,245.04986301369863,OK,Commande en lot + faible priorite
P171,Galet,Qualite,672,2693.57,971.0,18.3,111.19,28.0,Maghreb Parts,1810079.04,2615456.47,0.0008106456032894464,0.9864331042315212,C,17.877932471812244,2.66027397260274,89.38520547945207,163.87287671232878,OK,Commande en lot + faible priorite
P165,Vanne,Maintenance,1401,599.35,4263.0,254.1,152.14,20.0,StockPlus,839689.35,2555029.0500000003,0.0007919164740139266,0.9872250207055351,C,119.33100293223221,11.67945205479452,280.3068493150685,513.8958904109589,OK,Commande en lot + faible priorite
P077,Emballage,Consommable,1395,3138.91,813.0,159.42,135.61,41.0,Sigma Tech,4378779.45,2551933.83,0.0007909571284797937,0.9880159778340148,C,43.720569968042575,2.2273972602739724,109.58794520547944,200.91123287671232,OK,Commande en lot + faible priorite
P122,Galet,Consommable,718,1321.43,1874.0,82.2,136.61,23.0,Maghreb Parts,948786.74,2476359.8200000003,0.0007675334012519982,0.9887835112352669,C,47.489156333373046,5.134246575342465,141.70520547945205,259.79287671232873,OK,Commande en lot + faible priorite
P170,Interrupteur,Production,356,981.01,2502.0,349.34,165.79,20.0,StockPlus,349239.56,2454487.02,0.0007607540534192165,0.9895442652886861,C,102.68420443828892,6.854794520547945,164.51506849315066,301.61095890410957,Surveillance,Commande en lot + faible priorite
P059,Moteur,Production,1826,516.04,4632.0,366.58,89.38,12.0,Atlas Supply,942289.0399999999,2390297.28,0.0007408588148235258,0.9902851241035097,C,194.92317711474132,12.69041095890411,182.74191780821917,335.0268493150685,OK,Commande en lot + faible priorite
P159,Palette,Maintenance,1687,393.47,5608.0,292.66,85.44,10.0,StockPlus,663783.89,2206579.7600000002,0.000683916632247174,0.9909690407357569,C,196.0063153457835,15.364383561643836,184.37260273972603,338.0164383561644,OK,Commande en lot + faible priorite
P125,Moteur,Logistique,177,741.25,2728.0,295.57,58.59,14.0,StockPlus,131201.25,2022130.0,0.0006267474961185984,0.9915957882318754,C,165.90352267501385,7.473972602739726,125.56273972602739,230.19835616438354,A commander,Commande en lot + faible priorite
P111,Filtre,Maintenance,1685,129.84,15134.0,329.45,127.62,3.0,Sigma Tech,218780.4,1964998.56,0.0006090399367778785,0.9922048281686533,C,279.52924303542443,41.463013698630135,149.26684931506847,273.6558904109589,OK,Commande en lot + faible priorite
P048,Emballage,Production,1127,2065.33,942.0,114.78,16.11,16.0,Sigma Tech,2327626.91,1945540.8599999999,0.0006030091352195084,0.9928078373038728,C,115.85793651068522,2.580821917808219,49.5517808219178,90.8449315068493,OK,Commande en lot + faible priorite
P039,Moteur,Production,621,470.35,4038.0,379.9,158.0,41.0,IndusPro,292087.35000000003,1899273.3,0.0005886687726406847,0.9933965060765134,C,139.3491289776705,11.063013698630137,544.3002739726027,997.8838356164383,A commander,Commande en lot + faible priorite
P052,Courroie,Maintenance,2148,1662.3205263157895,1140.0,64.35,130.35,26.0,StockPlus,3570664.4905263158,1895045.4,0.0005873583594927466,0.9939838644360062,C,33.54950998529136,3.1232876712328768,97.44657534246575,178.65205479452055,OK,Commande en lot + faible priorite
P029,Batterie,Production,2422,398.78,4690.0,143.31,136.6,40.0,Maghreb Parts,965845.1599999999,1870278.2,0.0005796819091231519,0.9945635463451293,C,99.20060424649486,12.849315068493151,616.7671232876713,1130.7397260273974,OK,Commande en lot + faible priorite
P089,Vanne,Maintenance,1161,723.36,2463.0,125.88,91.59,31.0,Maghreb Parts,839820.96,1781635.68,0.0005522076728180465,0.9951157540179474,C,82.28137515269981,6.747945205479452,251.0235616438356,460.2098630136986,OK,Commande en lot + faible priorite
P149,Capot,Production,689,861.98,2010.0,339.37,49.72,36.0,Sigma Tech,593904.22,1732579.8,0.0005370030865847706,0.9956527571045322,C,165.6472349181894,5.506849315068493,237.89589041095888,436.14246575342463,OK,Commande en lot + faible priorite
P071,Tuyau,Production,2497,449.47,3776.0,242.99,156.18,6.0,StockPlus,1122326.59,1697198.7200000002,0.000526036925507109,0.9961787940300393,C,108.39580672521512,10.345205479452055,74.48547945205479,136.5567123287671,OK,Commande en lot + faible priorite
P082,Galet,Production,1172,144.48,11131.0,42.29,148.73,29.0,Atlas Supply,169330.56,1608206.88,0.000498454419488709,0.996677248449528,C,79.56125824981879,30.495890410958904,1061.2569863013698,1945.6378082191782,A commander,Commande en lot + faible priorite
P093,Pneu,Logistique,755,139.03,11493.0,375.36,176.62,4.0,Sigma Tech,104967.65,1597871.79,0.0004952511181284304,0.9971724995676564,C,221.02212810483897,31.487671232876714,151.1408219178082,277.09150684931507,OK,Commande en lot + faible priorite
P096,Palette,Logistique,1202,1662.3205263157895,847.0,22.16,114.3,20.0,Atlas Supply,1998109.272631579,1407985.4857894736,0.00043639695657048805,0.9976088965242269,C,18.122514913958526,2.3205479452054796,55.69315068493151,102.1041095890411,OK,Commande en lot + faible priorite
P172,Palette,Consommable,377,655.87,2099.0,351.13,143.48,43.0,Sigma Tech,247262.99,1376671.1300000001,0.000426691253137168,0.9980355877773641,C,101.35834282603716,5.750684931506849,296.73534246575343,544.014794520548,A commander,Commande en lot + faible priorite
P155,Pneu,Production,207,282.2,4777.0,57.02,6.09,14.0,Sigma Tech,58415.399999999994,1348069.4,0.00041782631237561446,0.9984534140897398,C,299.0870289783893,13.087671232876712,219.87287671232875,403.10027397260274,A commander,Commande en lot + faible priorite
P070,Capteur,Logistique,400,452.39,2911.0,350.82,153.18,18.0,Nova Equip,180956.0,1316907.29,0.0004081677966440481,0.9988615818863839,C,115.47214679848759,7.975342465753425,172.26739726027398,315.82356164383566,OK,Commande en lot + faible priorite
P099,Roulement,Qualite,2222,215.18,4471.0,30.06,19.7,41.0,StockPlus,478129.96,962069.78,0.00029818796304212434,0.999159769849426,C,116.80964601014432,12.24931506849315,602.6663013698629,1104.8882191780822,OK,Commande en lot + faible priorite
P117,Batterie,Production,1815,376.44,1665.0,45.72,156.94,35.0,Sigma Tech,683238.6,626772.6,0.00019426454168908222,0.9993540343911151,C,31.14643920927972,4.561643835616438,191.58904109589042,351.2465753424658,OK,Commande en lot + faible priorite
P049,Boitier,Consommable,1576,1373.77,439.0,221.24,73.82,4.0,Maghreb Parts,2165061.52,603085.03,0.00018692271639267002,0.9995409571075078,C,51.29701126714646,1.2027397260273973,5.773150684931507,10.584109589041097,OK,Commande en lot + faible priorite
P123,Compresseur,Logistique,1886,71.72,4682.0,221.34,4.91,42.0,Sigma Tech,135263.91999999998,335793.04,0.00010407711029164908,0.9996450342177995,C,649.710535577755,12.827397260273973,646.5008219178081,1185.2515068493149,OK,Commande en lot + faible priorite
P177,Pompe,Production,544,403.26,788.0,146.78,77.74,44.0,StockPlus,219373.44,317768.88,9.84906261637043e-05,0.9997435248439632,C,54.549312334829004,2.158904109589041,113.99013698630138,208.98191780821918,OK,Commande en lot + faible priorite
P046,Boitier,Maintenance,1897,52.38,5428.0,175.83,118.12,11.0,Nova Equip,99364.86,284318.64,8.812291777474504e-05,0.9998316477617379,C,127.12169829249996,14.871232876712329,196.30027397260275,359.8838356164384,OK,Commande en lot + faible priorite
P086,Convoyeur,Consommable,1214,311.83,834.0,122.59,29.36,12.0,Sigma Tech,378561.62,260066.22,8.060602048831111e-05,0.9999122537822263,C,83.45406966630932,2.2849315068493152,32.90301369863014,60.322191780821925,OK,Commande en lot + faible priorite
P016,Compresseur,Production,2212,1944.68,97.0,270.55,41.91,33.0,StockPlus,4301632.16,188633.96,5.846600471430415e-05,0.9999707197869405,C,35.388797335529304,0.26575342465753427,10.523835616438356,19.293698630136987,OK,Commande en lot + faible priorite
P103,Interrupteur,Qualite,2081,647.05,146.0,310.66,61.87,83.0,IndusPro,1346511.0499999998,94469.29999999999,2.928021306002913e-05,1.0000000000000004,C,38.290764435063146,0.4,39.84,73.04,OK,Commande en lot + faible priorite
